month,days,actual_kwh,predicted_kwh,error_kwh,abs_error_kwh,error_pct,complete
2010-02,20,623.0231333333334,645.5045280456543,22.481394712320935,22.481394712320935,3.6084365907955473,False
2010-03,29,785.1147333333333,770.7845335006714,-14.330199832661947,14.330199832661947,-1.8252363921156762,True
2010-04,30,739.6354,746.3311538696289,6.695753869628902,6.695753869628902,0.905277636742225,True
2010-05,31,814.8733333333333,769.9151039123535,-44.95822942097982,44.95822942097982,-5.5172046478773575,True
2010-06,30,698.0904,678.8271465301514,-19.263253469848678,19.263253469848678,-2.75942105346939,True
2010-07,31,536.4625333333333,562.0548048019409,25.592271468607578,25.592271468607578,4.770560827349653,True
2010-08,25,350.53056666666663,347.6716251373291,-2.858941529337528,2.858941529337528,-0.8156040588768991,False
2010-09,26,595.5498666666666,590.9540328979492,-4.595833768717398,4.595833768717398,-0.7716958773646604,False
2010-10,31,865.5492333333333,861.7891387939453,-3.7600945393879783,3.7600945393879783,-0.4344171763525693,True
2010-11,25,718.5047333333333,768.0153217315674,49.51058839823406,49.51058839823406,6.890781104327784,False
