feature,importance
other_wh_lag1,0.39230629356767344
roll_mean_7,0.06847142666056728
doy_cos,0.0553553252608119
lag_1,0.03507598958573648
lag_7,0.0326996440581937
lag_14,0.032172232836136676
sub2_wh_lag7,0.028218659196355696
roll_mean_14,0.022643161907089426
roll_std_28,0.018876716527791364
intensity_lag7,0.018367920903208504
dow_sin,0.01800538375175699
lag_3,0.01791854858813674
sub2_wh_lag1,0.017179943388139232
lag_2,0.016761841687590543
other_wh_lag7,0.015686678886943098
reactive_kvarh_lag1,0.015364143932956752
sub3_wh_lag7,0.01527827454028829
dow,0.015206256544149543
intensity_lag1,0.014415844367530784
sub3_wh_lag1,0.013928276209782778
voltage_lag1,0.013874459687987471
roll_mean_28,0.01369305447331466
doy,0.013298989790892996
voltage_lag7,0.013226638613197677
roll_std_14,0.013072979187125326
roll_std_7,0.012094459000835226
reactive_kvarh_lag7,0.011542452274497763
sub1_wh_lag7,0.010702323049842746
is_weekend,0.010508184454993698
doy_sin,0.009965887811169919
sub1_wh_lag1,0.009616232968586236
dow_cos,0.0029785866106835143
month,0.0014931896760336098
