fold,model,train_days,test_days,test_from,MAE,MAPE_%,base_MAE,vs_baseline_%
1,Seasonal naive (lag 7),556,166,2008-07-26,7.4953,38.0647,7.4953,0.0
1,Ridge regression,556,166,2008-07-26,5.995,47.7605,7.4953,20.0174
1,Random Forest,556,166,2008-07-26,6.47,60.175,7.4953,13.6791
1,XGBoost,556,166,2008-07-26,6.3539,61.8417,7.4953,15.2282
2,Seasonal naive (lag 7),722,166,2009-01-08,6.2282,24.5256,6.2282,0.0
2,Ridge regression,722,166,2009-01-08,5.1373,19.6301,6.2282,17.515
2,Random Forest,722,166,2009-01-08,4.7669,17.8666,6.2282,23.4623
2,XGBoost,722,166,2009-01-08,4.7755,17.9436,6.2282,23.3242
3,Seasonal naive (lag 7),888,166,2009-06-26,5.0571,24.6008,5.0571,0.0
3,Ridge regression,888,166,2009-06-26,3.6211,18.5509,5.0571,28.3954
3,Random Forest,888,166,2009-06-26,3.7131,18.5479,5.0571,26.5759
3,XGBoost,888,166,2009-06-26,3.9842,21.0151,5.0571,21.216
4,Seasonal naive (lag 7),1054,166,2009-12-10,6.366,24.9956,6.366,0.0
4,Ridge regression,1054,166,2009-12-10,4.6216,17.8295,6.366,27.4019
4,Random Forest,1054,166,2009-12-10,4.5919,17.1486,6.366,27.8682
4,XGBoost,1054,166,2009-12-10,4.5424,17.1791,6.366,28.6467
5,Seasonal naive (lag 7),1220,170,2010-05-30,5.6747,27.017,5.6747,0.0
5,Ridge regression,1220,170,2010-05-30,4.296,21.5031,5.6747,24.2945
5,Random Forest,1220,170,2010-05-30,4.0012,20.2852,5.6747,29.4896
5,XGBoost,1220,170,2010-05-30,3.9807,21.1055,5.6747,29.8516
